{"cameraMode":{"drawMode":0,"name":"Shaded","section":"Shading Mode"},"sceneLighting":true,"audioPlay":false,"sceneViewState":{"m_AlwaysRefresh":false,"showFog":true,"showSkybox":true,"showFlares":true,"showImageEffects":true,"showParticleSystems":true,"showVisualEffectGraphs":true,"m_FxEnabled":true},"in2DMode":false,"pivot":{"x":-2.148702383041382,"y":18.433202743530275,"z":-18.241960525512697},"rotation":{"x":0.035344213247299197,"y":-0.01846342533826828,"z":0.004306219518184662,"w":1.0000895261764527},"size":0.8660253882408142,"orthographic":false}